deal_id,player,from_club,to_club,window,outcome,fee_eur_actual,outcome_date,outcome_source_url,verified,notes
1,Alexander Isak,Newcastle United,Liverpool,2025-summer,completed,145000000,2025-09-01,https://www.liverpoolfc.com/news/liverpool-agree-british-record-ps125m-fee-isak,YES,British record fee; deadline day
2,Florian Wirtz,Bayer Leverkusen,Liverpool,2025-summer,completed,125000000,2025-06-20,https://www.cnn.com/2025/06/20/sport/florian-wirtz-liverpool-transfer-spt-intl,YES,"Fee disputed across sources (£100m base, up to £116m); spot-check"
3,Hugo Ekitike,Eintracht Frankfurt,Liverpool,2025-summer,completed,91500000,2025-07-23,https://www.liverpoolfc.com/news/liverpool-agree-deal-sign-hugo-ekitike-eintracht-frankfurt,YES,Liverpool hijacked Newcastle (see deal 37)
4,Benjamin Sesko,RB Leipzig,Manchester United,2025-summer,completed,85000000,2025-08-09,https://feeds.bbci.co.uk/sport/football/articles/cp89dmz39m9o,YES,
5,Bryan Mbeumo,Brentford,Manchester United,2025-summer,completed,82000000,2025-07-21,https://www.soccerway.com/news/soccer-premier-league-manchester-united-announce-arrival-of-forward-mbeumo-from-brentford/AHvJxSnD,YES,incl add-ons
6,Matheus Cunha,Wolverhampton Wanderers,Manchester United,2025-summer,completed,73000000,2025-06-12,https://www.skysports.com/football/news/11095/13375784,YES,
7,Viktor Gyokeres,Sporting CP,Arsenal,2025-summer,completed,63500000,2025-07-26,https://www.skysports.com/football/news/11095/13401260,YES,£55m + add-ons
8,Eberechi Eze,Crystal Palace,Arsenal,2025-summer,completed,78000000,2025-08-23,https://www.cbssports.com/soccer/news/eberechi-eze-signs-for-arsenal-gunners-make-transfer-from-crystal-palace-official-ahead-of-leeds-match,YES,Arsenal hijacked Tottenham (see deal 28)
9,Martin Zubimendi,Real Sociedad,Arsenal,2025-summer,completed,60000000,2025-07-06,https://www.skysports.com/football/news/11095/13376347,YES,£51m release clause
10,Noni Madueke,Chelsea,Arsenal,2025-summer,completed,60000000,2025-07-18,https://feeds.bbci.co.uk/sport/football/articles/cvg8j1l0751o,YES,incl add-ons
11,Tijjani Reijnders,AC Milan,Manchester City,2025-summer,completed,55000000,2025-06-11,https://www.skysports.com/football/news/11095/13379209,YES,
12,Joao Pedro,Brighton,Chelsea,2025-summer,completed,70000000,2025-07-02,https://www.espn.com/soccer/story/_/id/45628669,YES,
13,Jamie Gittens,Borussia Dortmund,Chelsea,2025-summer,completed,60000000,2025-07-05,https://www.chelseafc.com/en/teams/profile/jamie-gittens,YES,incl add-ons
14,Liam Delap,Ipswich Town,Chelsea,2025-summer,completed,35000000,2025-06-04,https://feeds.bbci.co.uk/sport/football/articles/c0k3dkd0gvno,YES,£30m release clause
15,Mohammed Kudus,West Ham United,Tottenham Hotspur,2025-summer,completed,64000000,2025-07-10,https://www.skysports.com/football/news/11095/13394694,YES,
16,Anthony Elanga,Nottingham Forest,Newcastle United,2025-summer,completed,63500000,2025-07-12,https://feeds.bbci.co.uk/sport/football/articles/ce9x4p492ydo,YES,incl add-ons
17,Nick Woltemade,VfB Stuttgart,Newcastle United,2025-summer,completed,80000000,2025-08-30,https://www.skysports.com/football/news/11095/13421141,YES,Joined Newcastle after Bayern move collapsed (see deal 31)
18,Dean Huijsen,AFC Bournemouth,Real Madrid,2025-summer,completed,59000000,2025-06-01,https://www.espn.com/soccer/story/_/id/45162232,YES,£50m release clause; agreed mid-May
19,Kevin De Bruyne,Manchester City,Napoli,2025-summer,completed,0,2025-06-11,https://www.skysports.com/football/news/11095/13375823,YES,Free transfer
20,Luis Diaz,Liverpool,Bayern Munich,2025-summer,completed,75000000,2025-07-30,https://www.espn.com/soccer/story/_/id/45840477,YES,incl add-ons
21,Jonathan Tah,Bayer Leverkusen,Bayern Munich,2025-summer,completed,0,2025-05-29,https://www.bavarianfootballworks.com/2025/5/29/24439200,YES,Free transfer; effective 1 July
22,Jobe Bellingham,Sunderland,Borussia Dortmund,2025-summer,completed,35500000,2025-06-10,https://feeds.bbci.co.uk/sport/football/articles/cp8y0j8k1vro,YES,
23,Granit Xhaka,Bayer Leverkusen,Sunderland,2025-summer,completed,20000000,2025-07-28,https://feeds.bbci.co.uk/sport/football/articles/cm219dkz1xno,YES,incl add-ons
24,Ardon Jashari,Club Brugge,AC Milan,2025-summer,completed,37000000,2025-08-06,https://www.acmilan.com/en/news/articles/media/2025-08-06/official-statement-ardon-jashari,YES,
25,Kingsley Coman,Bayern Munich,Al-Nassr,2025-summer,completed,30000000,2025-08-15,https://www.espn.com/soccer/story/_/id/45954204/kingsley-coman-transfer-bayern-munich-al-nassr,YES,
26,Marc Guehi,Crystal Palace,Liverpool,2025-summer,collapsed,,2025-09-01,https://www.skysports.com/football/news/11706/13423967,YES,Collapsed in final hours of deadline day; Palace couldn't sign a replacement. Guehi stayed.
27,Morgan Gibbs-White,Nottingham Forest,Tottenham Hotspur,2025-summer,collapsed,,2025-07-11,https://www.skysports.com/football/news/11095/13396393,YES,Medical lined up via release clause; Forest alleged illegal approach. Signed new Forest contract.
28,Eberechi Eze,Crystal Palace,Tottenham Hotspur,2025-summer,collapsed,,2025-08-23,https://www.skysports.com/football/news/11661/13390844,YES,"Deal in principle, then Arsenal hijacked it (see deal 8). Eze chose Arsenal."
29,Nico Williams,Athletic Club,Barcelona,2025-summer,collapsed,,2025-07-04,https://www.beinsports.com/en-us/soccer/la-liga/articles/the-saga-is-over-nico-williams-rejects-barcelona-and-extends-his-contract-with-athletic-club-2025-07-04,YES,Collapsed over release clause / LaLiga FFP registration. Signed new deal to 2035.
30,Ademola Lookman,Atalanta,Inter Milan,2025-summer,collapsed,,2025-08-18,https://tribuna.com/en/news/2025-08-18-ademola-lookman-move-to-inter-milan-off-romano/,YES,"Agreed personal terms, made transfer request, skipped training; Atalanta refused fee. Stayed."
31,Nick Woltemade,VfB Stuttgart,Bayern Munich,2025-summer,collapsed,,2025-08-30,https://global.espn.com/football/story/_/id/46105451,YES,Bayern made 3 bids then withdrew; signed Jackson loan instead. Woltemade went to Newcastle (deal 17).
32,Savinho,Manchester City,Tottenham Hotspur,2025-summer,collapsed,,2025-09-01,https://www.espn.com/soccer/story/_/id/46089045,YES,City refused to sell despite summer-long Spurs pursuit. Stayed.
33,Dusan Vlahovic,Juventus,AC Milan,2025-summer,collapsed,,2025-09-01,https://football-italia.net/vlahovic-milan-transfer-juventus-asking-price/,YES,Long Milan talks over wages/fee never closed. Stayed at Juventus.
34,Rodrygo,Real Madrid,Arsenal,2025-summer,collapsed,,2025-09-01,https://www.managingmadrid.com/2025/7/23/24472864/rodrygo-real-madrid-tottenham-arsenal-liverpool-rumors-2025,YES,Arsenal explored then dropped out over fee; signed Madueke/Gyokeres. Rodrygo stayed.
35,Antoine Semenyo,AFC Bournemouth,Tottenham Hotspur,2025-summer,collapsed,,2025-09-01,https://www.eplindex.com/133100/report-spurs-told-to-pay-65m-after-fresh-transfer-bid-fails.html,YES,Spurs walked away over ~£65-70m valuation. Stayed at Bournemouth.
36,Carlos Baleba,Brighton,Manchester United,2025-summer,collapsed,,2025-09-01,https://www.givemesport.com/man-utd-pull-out-carlos-baleba-transfer-huge-mistake/,YES,United chased all summer; Brighton held firm. United pulled out. Stayed.
37,Hugo Ekitike,Eintracht Frankfurt,Newcastle United,2025-summer,collapsed,,2025-07-23,https://www.si.com/soccer/hugo-ekitike-agent-reveals-how-liverpool-hijacked-newcastle-transfer,YES,"Newcastle agreed terms with club + player, then Liverpool hijacked (see deal 3)."
38,Florian Wirtz,Bayer Leverkusen,Bayern Munich,2025-summer,collapsed,,2025-06-20,https://www.liverpoolfc.com/news/liverpool-agree-signing-florian-wirtz-bayer-leverkusen,YES,Bayern long-linked for months; Wirtz chose Liverpool instead (see deal 2).
39,Andy Robertson,Liverpool,Tottenham Hotspur,2026-summer,completed,,2026-06-16,https://en.wikipedia.org/wiki/Andy_Robertson,YES,"[auto] player joined Tottenham Hotspur - the rumoured destination | He will leave Liverpool on 30 June 2026, upon the expiry of his contract, and will join Tottenham Hotspur."
40,Anthony Gordon,Newcastle,Barcelona,2026-summer,completed,,2026-06-17,https://en.wikipedia.org/wiki/Anthony_Gordon,YES,[auto] player joined Barcelona - the rumoured destination | He will join La Liga club Barcelona on 1 July 2026.
43,Curtis Jones,Liverpool,Inter Milan,2026-summer,unknown,,,,auto,[auto-ingested] 1 claim(s); to_club provisional
45,Éderson,Atalanta,Manchester United,2026-summer,completed,,2026-06-29,https://en.wikipedia.org/wiki/Éderson,YES,[auto] player joined Manchester United - the rumoured destination | On 2nd June 2026 it was announced that Manchester United had agreed a £35m deal with Atalanta to sign Ederson.
46,Elliot Anderson,Nottingham Forest,Manchester City,2026-summer,completed,,2026-07-05,https://en.wikipedia.org/wiki/Elliot_Anderson,YES,"[auto] player joined Manchester City - the rumoured destination | On 2 July 2026, Anderson joined Manchester City; the fee of £116 million was a record for an English footballer."
47,Hayden Hackney,Middlesbrough,Everton,2026-summer,completed,,2026-06-29,https://en.wikipedia.org/wiki/Hayden_Hackney,YES,[auto] player joined Everton - the rumoured destination | plays as a midfielder for Premier League club Everton
48,Ibrahima Konaté,Liverpool,Real Madrid,2026-summer,completed,,2026-06-18,https://en.wikipedia.org/wiki/Ibrahima_Konaté,YES,"[auto] player left Liverpool, joined Real Madrid (no destination was rumoured) | On 18 June 2026, Konate signed for La Liga club Real Madrid on a four-year contract."
49,Jan Paul van Hecke,Brighton,Tottenham Hotspur,2026-summer,completed,,2026-06-18,https://en.wikipedia.org/wiki/Jan_Paul_van_Hecke,YES,"[auto] player joined Tottenham Hotspur - the rumoured destination | On 18 June 2026, Van Hecke moved to fellow Premier League side Tottenham Hotspur on a long-term contract"
50,João Palhinha,Bayern Munich,Tottenham Hotspur,2026-summer,unknown,,,https://en.wikipedia.org/wiki/João_Palhinha,auto,[reverted 2026-07-05] Spurs refused purchase option; player back at Bayern; could still move before Sept 1
51,Julián Alvarez,Atlético Madrid,Real Madrid,2026-summer,unknown,,,,auto,[auto-ingested] 1 claim(s); to_club provisional
53,Marc Cucurella,Chelsea,Real Madrid,2026-summer,completed,,2026-06-16,https://en.wikipedia.org/wiki/Marc_Cucurella,YES,[auto] player joined Real Madrid - the rumoured destination | He will join La Liga club Real Madrid on 1 July 2026.
54,Marcus Rashford,,Barcelona,2026-summer,unknown,,,,auto,[auto-ingested] 1 claim(s); to_club provisional
56,Mateus Fernandes,West Ham United,Tottenham Hotspur,2026-summer,completed,,2026-07-02,https://en.wikipedia.org/wiki/Mateus_Fernandes,YES,"[verified 2026-07-05] joined Tottenham for club-record GBP85m, officially announced | skysports.com/football/news/11095/13559479"
57,Michael Olise,Bayern Munich,Real Madrid,2026-summer,unknown,,,,auto,[auto-ingested] 1 claim(s); to_club provisional
59,Sandro Tonali,Newcastle,Tottenham Hotspur,2026-summer,unknown,,,,auto,[auto-ingested] 1 claim(s); to_club provisional
60,Nicolas Raskin,Rangers,Atalanta,2026-summer,unknown,,,,auto,[auto-ingested] 1 claim(s); to_club provisional
61,Barney Stewart,Falkirk,West Bromwich Albion,2026-summer,completed,,2026-06-17,https://en.wikipedia.org/wiki/Barney_Stewart,YES,"[auto] player joined West Bromwich Albion - the rumoured destination | On 17 June 2026, Stewart signed for EFL Championship club West Bromwich Albion, signing a four-year contract for an undisclosed fee."
62,Bernardo Silva,Manchester City,Real Madrid,2026-summer,completed,,2026-06-17,https://en.wikipedia.org/wiki/Bernardo_Silva,YES,[auto] player joined Real Madrid - the rumoured destination | He will join La Liga club Real Madrid on 1 July 2026.
64,Luka Vuskovic,Tottenham Hotspur,Brighton,2026-summer,unknown,,,https://en.wikipedia.org/wiki/Luka_Vuskovic,auto,[reverted 2026-07-05] GBP46m Brighton move agreed but paperwork after World Cup; not official yet
65,Munoz,,Liverpool,2026-summer,unknown,,,,auto,[auto-ingested] 1 claim(s); to_club provisional
66,Victor Munoz,Osasuna,Liverpool,2026-summer,completed,,2026-06-22,https://en.wikipedia.org/wiki/Victor_Munoz,YES,"[auto] player joined Liverpool - the rumoured destination | On 18 June 2026, Premier League club Liverpool bought out Muñoz from Osasuna"
68,Jeremy Monga,Leicester City,Arsenal,2026-summer,unknown,,,,auto,[auto-ingested] 1 claim(s); to_club provisional
69,Raskin,Rangers,Atalanta,2026-summer,unknown,,,,auto,[auto-ingested] 1 claim(s); to_club provisional
70,Harry Wilson,Fulham,Leeds,2026-summer,unknown,,,,auto,[auto-ingested] 1 claim(s); to_club provisional
72,Adam Wharton,,Tottenham Hotspur,2026-summer,unknown,,,,auto,[auto-ingested] 1 claim(s); to_club provisional
73,Diomande,RB Leipzig,Liverpool,2026-summer,unknown,,,,auto,[auto-ingested] 1 claim(s); to_club provisional
74,Florian Wirtz,,Chelsea,2026-summer,unknown,,,https://en.wikipedia.org/wiki/Florian_Wirtz,auto,[reverted 2026-07-05] no 2026 Chelsea talks; still Liverpool player; window open
75,Ghuendouz,,Hearts,2026-summer,unknown,,,,auto,[auto-ingested] 1 claim(s); to_club provisional
76,Broja,Burnley,,2026-summer,unknown,,,,auto,[auto-ingested] 1 claim(s); to_club provisional
77,Lucas Bergvall,Tottenham Hotspur,,2026-summer,unknown,,,,auto,[auto-ingested] 2 claim(s); to_club provisional
78,Morgan Rogers,Aston Villa,Arsenal,2026-summer,unknown,,,,auto,[auto-ingested] 1 claim(s); to_club provisional
79,Olise,Bayern Munich,Real Madrid,2026-summer,unknown,,,,auto,[auto-ingested] 1 claim(s); to_club provisional
82,Svoboda,Venezia,Brighton & Hove Albion,2026-summer,completed,,2026-07-02,,YES,"[verified 2026-07-05] Svoboda joined Brighton from Venezia, ~EUR5m clause | beinsports.com veltman-leaves-brighton-as-svoboda-arrives"
83,Aggie Beever-Jones,Chelsea,Chelsea,2026-summer,unknown,,,,auto,[auto-ingested] 1 claim(s); to_club provisional
84,Marco Palestra,Atalanta,Chelsea,2026-summer,completed,,2026-06-24,https://en.wikipedia.org/wiki/Marco_Palestra,YES,"[auto] player joined Chelsea - the rumoured destination | On 24 June 2026, Palestra joined Chelsea"
85,Gusto,Chelsea,,2026-summer,unknown,,,,auto,[auto-ingested] 1 claim(s); to_club provisional
86,Ross McCrorie,Bristol City,Rangers,2026-summer,completed,,2026-06-26,https://en.wikipedia.org/wiki/Ross_McCrorie,YES,"[auto] player joined Rangers - the rumoured destination | On 25 June 2026, McCrorie returned to Rangers on a three-year contract with the option of a further year."
87,Malo Gusto,Chelsea,,2026-summer,unknown,,,,auto,[auto-ingested] 1 claim(s); to_club provisional
88,Martin Dubravka,Burnley,Tottenham Hotspur,2026-summer,completed,,2026-06-25,https://en.wikipedia.org/wiki/Martin_Dubravka,YES,"[auto] player joined Tottenham Hotspur - the rumoured destination | On 24 June 2026, Dúbravka joined Premier League club Tottenham Hotspur"
90,Andre Onana,Manchester United,Trabzonspor,2026-summer,completed,,2026-07-03,https://en.wikipedia.org/wiki/Andre_Onana,YES,"[verified 2026-07-05] season-long loan to Trabzonspor officially announced by Man Utd (2026-27, distinct from 2025 loan) | manutd.com/en/news/andre-onana-rejoins-trabzonspor-on-loan-2026"
91,Anthony Jaidon,Burnley,Brentford,2026-summer,unknown,,,,auto,[auto-ingested] 1 claim(s); to_club provisional
92,Granit Xhaka,Sunderland,Chelsea,2026-summer,unknown,,,,auto,[auto-ingested] 1 claim(s); to_club provisional
93,Alexsandro,Lille,Ipswich,2026-summer,unknown,,,,auto,[auto-ingested] 1 claim(s); to_club provisional
94,Robert Lewandowski,Barcelona,Chicago Fire,2026-summer,completed,,2026-06-30,https://en.wikipedia.org/wiki/Robert_Lewandowski,YES,"[auto] player joined Chicago Fire - the rumoured destination | Following his departure from Barcelona at the end of the 2025–26 season, Lewandowski joined Major League Soccer club Chicago Fire in June 2026."
95,Alex Scott,Bournemouth,Arsenal,2026-summer,unknown,,,,auto,[auto-ingested] 1 claim(s); to_club provisional
96,Dan Neil,Sunderland,Rangers,2026-summer,completed,,2026-07-05,https://en.wikipedia.org/wiki/Dan_Neil,YES,"[auto] player joined Rangers - the rumoured destination | On 1 July 2026, Neil signed for Rangers on a three-year contract."
97,Alex Oxlade-Chamberlain,,Celtic,2026-summer,unknown,,,,auto,[auto-ingested] 1 claim(s); to_club provisional
98,Andrey Santos,Chelsea,Manchester United,2026-summer,unknown,,,,auto,[auto-ingested] 1 claim(s); to_club provisional
99,Angus Gunn,,Manchester United,2026-summer,collapsed,,2026-07-05,https://en.wikipedia.org/wiki/Angus_Gunn,auto,"[auto] player joined Nottingham Forest, not Manchester United - rumour did not happen | On 6 August 2025, Gunn joined Nottingham Forest on a one-year deal."
100,Aurelien Tchouameni,,Manchester United,2026-summer,unknown,,,,auto,[auto-ingested] 1 claim(s); to_club provisional
101,Crysencio Summerville,West Ham,Fulham,2026-summer,unknown,,,,auto,[auto-ingested] 1 claim(s); to_club provisional
102,Denzel Dumfries,Inter Milan,Real Madrid,2026-summer,completed,,2026-07-05,https://en.wikipedia.org/wiki/Denzel_Dumfries,YES,[auto] player joined Real Madrid - the rumoured destination | He eventually joined La Liga club Real Madrid in July 2026.
103,Echeverri,,Monza,2026-summer,unknown,,,,auto,[auto-ingested] 1 claim(s); to_club provisional
104,Kieron Bowie,Hellas Verona,,2026-summer,unknown,,,,auto,[auto-ingested] 1 claim(s); to_club provisional
106,Nathan Ake,Manchester City,Fenerbahce,2026-summer,completed,,2026-07-05,https://en.wikipedia.org/wiki/Nathan_Ake,YES,"[auto] player joined Fenerbahçe - the rumoured destination | On 3 July 2026, Turkish side Fenerbahçe announced the signing of Aké."
107,Piero Hincapie,Bayer Leverkusen,Arsenal,2026-summer,completed,,2026-06-25,https://en.wikipedia.org/wiki/Piero_Hincapie,YES,"[verified 2026-07-05] permanent GBP34.5m transfer from Leverkusen, summer 2026 window | en.wikipedia.org/wiki/List_of_English_football_transfers_summer_2026"
108,Tyrique George,Chelsea,Everton,2026-summer,unknown,,,,auto,[auto-ingested] 1 claim(s); to_club provisional
110,Bruno Guimaraes,Newcastle United,Arsenal,2026-summer,unknown,,,,auto,[auto-ingested] 1 claim(s); to_club provisional
112,Felix Nmecha,Borussia Dortmund,Newcastle United,2026-summer,unknown,,,,auto,[auto-ingested] 1 claim(s); to_club provisional
113,Palestra,,Chelsea,2026-summer,unknown,,,,auto,[auto-ingested] 1 claim(s); to_club provisional
114,Ben Godfrey,Atalanta,Rangers,2026-summer,completed,,2026-06-29,https://en.wikipedia.org/wiki/Ben_Godfrey,YES,"[verified 2026-07-05] season-long loan with buy option, announced by Rangers (auto collapse via stale 2025 evidence was WRONG) | rangers.co.uk/article/rangers-sign-ben-godfrey-on-loan-from-atalanta"
115,Bradley Barcola,Paris Saint-Germain,Liverpool,2026-summer,unknown,,,,auto,[auto-ingested] 1 claim(s); to_club provisional
116,Guimaraes,,Arsenal,2026-summer,unknown,,,,auto,[auto-ingested] 1 claim(s); to_club provisional
117,Harry Kane,,Barcelona,2026-summer,unknown,,,,auto,[auto-ingested] 1 claim(s); to_club provisional
118,Ivor Pandur,Hull City,Rangers,2026-summer,completed,,2026-07-05,https://en.wikipedia.org/wiki/Ivor_Pandur,YES,"[auto] player joined Rangers - the rumoured destination | On 30 June 2026, Rangers announced the signing of Pandur on a four-year deal."
120,Maxence Lacroix,Crystal Palace,Chelsea,2026-summer,unknown,,,,auto,[auto-ingested] 1 claim(s); to_club provisional
121,Pascal Struijk,Leeds United,Brighton & Hove Albion,2026-summer,completed,,2026-07-05,https://en.wikipedia.org/wiki/Pascal_Struijk,YES,"[auto] player joined Brighton & Hove Albion - the rumoured destination | On 30 June 2026, Struijk signed a five-year contract with Brighton & Hove Albion."
122,Tjark Ernst,Celtic,Wolfsburg,2026-summer,unknown,,,,auto,[auto-ingested] 1 claim(s); to_club provisional
123,Trevoh Chalobah,Chelsea,Como,2026-summer,unknown,,,,auto,[auto-ingested] 1 claim(s); to_club provisional
124,Yan Diomande,RB Leipzig,Paris Saint-Germain,2026-summer,unknown,,,,auto,[auto-ingested] 2 claim(s); to_club provisional
126,Jérémy Jacquet,Rennes,Liverpool,2026-summer,completed,,2026-07-01,,YES,[verified 2026-07-05] joined Liverpool for GBP55m from Rennes | en.wikipedia.org/wiki/List_of_English_football_transfers_summer_2026
127,Kroupi,,Tottenham Hotspur,2026-summer,unknown,,,,auto,[auto-ingested] 1 claim(s); to_club provisional
128,Lewis Ferguson,Bologna,Rangers,2026-summer,unknown,,,,auto,[auto-ingested] 1 claim(s); to_club provisional
129,Bazoumana Toure,Hoffenheim,Newcastle United,2026-summer,completed,,2026-07-05,https://en.wikipedia.org/wiki/Bazoumana_Toure,auto,"[auto] player joined Newcastle United - the rumoured destination | On 5 July 2026, Touré signed for Premier League club Newcastle United on a £42 million transfer fee."
130,Rasmus Hojlund,Manchester United,Napoli,2026-summer,completed,,2026-06-29,,YES,"[verified 2026-07-05] outage coverage gap, added from census | en.wikipedia.org/wiki/List_of_English_football_transfers_summer_2026"
131,Geovany Quenda,Sporting CP,Chelsea,2026-summer,completed,,2026-07-01,,YES,"[verified 2026-07-05] outage coverage gap, added from census | en.wikipedia.org/wiki/List_of_English_football_transfers_summer_2026"
132,Donyell Malen,Aston Villa,Roma,2026-summer,completed,,2026-06-29,,YES,"[verified 2026-07-05] outage coverage gap, added from census | en.wikipedia.org/wiki/List_of_English_football_transfers_summer_2026"
133,Ewen Jaouen,Reims,Newcastle United,2026-summer,completed,,2026-06-15,,YES,"[verified 2026-07-05] outage coverage gap, added from census | en.wikipedia.org/wiki/List_of_English_football_transfers_summer_2026"
134,Florentino Luis,Benfica,Burnley,2026-summer,completed,,2026-06-15,,YES,"[verified 2026-07-05] outage coverage gap, added from census | en.wikipedia.org/wiki/List_of_English_football_transfers_summer_2026"
135,Costinha,Olympiacos,Brighton & Hove Albion,2026-summer,completed,,2026-06-15,,YES,"[verified 2026-07-05] outage coverage gap, added from census | en.wikipedia.org/wiki/List_of_English_football_transfers_summer_2026"
136,Jannik Schuster,Red Bull Salzburg,Brentford,2026-summer,completed,,2026-06-15,,YES,"[verified 2026-07-05] outage coverage gap, added from census | en.wikipedia.org/wiki/List_of_English_football_transfers_summer_2026"
137,Modou Keba Cisse,LASK,Aston Villa,2026-summer,completed,,2026-06-15,,YES,"[verified 2026-07-05] outage coverage gap, added from census | en.wikipedia.org/wiki/List_of_English_football_transfers_summer_2026"
138,Jimmy-Jay Morgan,Chelsea,West Bromwich Albion,2026-summer,completed,,2026-06-18,,YES,"[verified 2026-07-05] outage coverage gap, added from census | en.wikipedia.org/wiki/List_of_English_football_transfers_summer_2026"
139,Jeremy Sarmiento,Brighton & Hove Albion,Middlesbrough,2026-summer,completed,,2026-06-15,,YES,"[verified 2026-07-05] outage coverage gap, added from census | en.wikipedia.org/wiki/List_of_English_football_transfers_summer_2026"
