claim_id,deal_id,source_name,platform,claim_date,stage,source_url,raw_quote,verified
1,28,Fabrizio Romano,twitter,2025-08-16,agreement,https://x.com/FabrizioRomano/status/1956742787992330675,Eze personal terms agreed with Spurs; fee talks ongoing,YES
2,8,Fabrizio Romano,twitter,2025-08-20,here_we_go,https://x.com/FabrizioRomano/status/1958270938765533643,Eze to Arsenal here we go; Arsenal win race over Spurs,YES
3,8,David Ornstein,twitter,2025-08-21,agreement,https://x.com/David_Ornstein/status/1958260267693048130,Arsenal reach agreement in principle with Palace for Eze,YES
4,8,Sky Sports,news_site,2025-08-23,official,https://www.skysports.com/football/news/11095/13416014,Arsenal sign Eze in 67.5m deal; medical completed,YES
5,31,Florian Plettenberg,twitter,2025-06-26,agreement,https://x.com/Plettigoal/status/1938290479814095001,Bayern and Woltemade reach full verbal agreement on personal terms,YES
6,17,Fabrizio Romano,twitter,2025-08-30,official,https://x.com/FabrizioRomano/status/1961731284683616441,Official Woltemade joins Newcastle club record deal,YES
7,17,Sky Sports,news_site,2025-08-30,agreement,https://www.skysports.com/football/news/11678/13420116,Newcastle agree club record deal; medical to follow,YES
8,17,BBC Sport,news_site,2025-08-30,official,https://feeds.bbci.co.uk/sport/football/articles/c9vdzl3gek3o,Newcastle sign Woltemade in club record 69m deal,YES
9,37,Fabrizio Romano,twitter,2025-07-09,interest,https://x.com/FabrizioRomano/status/1942986564990063032,Newcastle keen on Ekitike amid Premier League interest,YES
10,37,Julien Laurens,news_site,2025-07-14,medical,https://www.espn.com/soccer/story/_/id/45740144/newcastle-transfers-hugo-ekitike-set-80m-move-sources,Newcastle on verge of 80m deal; player prepared for medical,YES
11,37,Florian Plettenberg,twitter,2025-07-16,advanced,https://www.givemesport.com/hugo-ekitike-advanced-deal-progressing-newcastle-united/,Newcastle talks advanced; Frankfurt expecting second offer,YES
12,3,David Ornstein,twitter,2025-07-16,talks,https://www.nufcblog.co.uk/2025/07/16/liverpool-make-hugo-ekitike-move-david-ornstein-update/,Liverpool contact Frankfurt over possible Ekitike move,YES
13,3,Mark McAdam,news_site,2025-07-23,agreement,https://www.skysports.com/football/news/11095/13399592,Liverpool reach full agreement with Frankfurt; medical underway,YES
14,3,Fabrizio Romano,twitter,2025-07-20,here_we_go,https://x.com/FabrizioRomano/status/1946857051520376856,Ekitike to Liverpool here we go; deal in place,YES
15,1,David Ornstein,news_site,2025-08-07,advanced,https://www.givemesport.com/david-ornstein-shares-alexander-isak-to-liverpool-update/,Good chance Isak departs Newcastle by deadline; Liverpool preferred,YES
16,1,Sky Sports,news_site,2025-09-01,official,https://www.skysports.com/football/news/11669/13422894,Isak joins Liverpool in British record 125m deadline-day deal,YES
17,1,Fabrizio Romano,twitter,2025-09-01,here_we_go,https://anfieldindex.com/85707/here-we-go-fabrizio-romano-confirms-liverpool-will-sign-alexander-isak-for-130m.html,Isak to Liverpool here we go; medical on deadline day,YES
18,2,David Ornstein,twitter,2025-06-13,agreement,https://x.com/David_Ornstein/status/1933457244663804024,Liverpool strike verbal agreement with Leverkusen for Wirtz,YES
19,2,Fabrizio Romano,twitter,2025-06-10,here_we_go,https://x.com/FabrizioRomano/status/1932537807039603095,Wirtz to Liverpool here we go; deal in principle agreed,YES
20,38,Florian Plettenberg,twitter,2025-03-04,interest,https://www.bavarianfootballworks.com/2025/3/4/24377484,Bayern in ongoing talks for Wirtz; targeting summer move,YES
21,26,Fabrizio Romano,twitter,2025-09-01,here_we_go,https://x.com/FabrizioRomano/status/1962520297883545845,Liverpool agree deal for Guehi here we go; fee over 35m,YES
22,26,BBC Sport,news_site,2025-08-30,talks,https://feeds.bbci.co.uk/sport/football/articles/c5ypkrgp8p6o,Liverpool improve bid to 35m; fee negotiations ongoing,YES
23,26,David Ornstein,twitter,2025-09-01,denied,https://x.com/David_Ornstein/status/1962586980333556155,Guehi set to stay at Palace despite medical; Palace replacement issue,YES
24,29,Fabrizio Romano,twitter,2025-06-29,agreement,https://x.com/FabrizioRomano/status/1937527724848849052,Barca-Nico agreement on personal terms done; Athletic fee unresolved,YES
25,29,Goal,news_site,2025-06-17,agreement,https://www.goal.com/en/lists/barcelona-reach-agreement-sign-nico-williams-six-year-contract/bltcaace7bd2a1cfd6f,Barca secure pre-agreement with Nico Williams on six-year deal,YES
26,29,Football Espana,news_site,2025-07-04,denied,https://www.football-espana.net/2025/07/04/nico-williams-rejects-barcelona-to-sign-contract-renewal-with-athletic-club,Nico Williams rejects Barca and renews with Athletic,YES
27,39,The Guardian,rss,2026-06-05,official,https://www.theguardian.com/football/2026/jun/05/tottenham-sign-outstanding-andy-robertson-on-a-free-transfer,Tottenham sign Andy Robertson on a free as De Zerbi looks to fill leadership vacuum,YES
28,40,The Guardian,rss,2026-05-27,medical,https://www.theguardian.com/football/2026/may/27/barcelona-advanced-talks-signing-anthony-gordon-newcastle,Anthony Gordon to undergo Barcelona medical before £69.3m move from Newcastle,YES
29,40,The Guardian,rss,2026-05-29,official,https://www.theguardian.com/football/2026/may/29/anthony-gordon-signs-barcelona-from-newcastle-five-year-deal,Anthony Gordon shows ‘fire in belly’ and Spanish skills after joining Barcelona,YES
34,43,BBC Sport,rss,2026-06-16,interest,https://www.bbc.com/sport/football/articles/ce3e03n3r26o?at_medium=RSS&at_campaign=rss,What's next for Jones as Inter Milan step up interest?,auto
35,43,BBC Sport,rss,2026-06-21,denied,https://www.bbc.com/sport/football/articles/cwy05x9gldyo?at_medium=RSS&at_campaign=rss,Liverpool reject £21.7m Inter Milan offer for Jones,auto
36,43,Sky Sports,rss,2026-06-21,denied,https://www.skysports.com/football/news/12691/13556527/paper-talk-liverpool-reject-21m-curtis-jones-offer-from-inter-milan-which-falls-considerably-short-of-valuation,Papers: Liverpool knock back Inter's Jones offer,auto
37,45,The Guardian,rss,2026-05-27,agreement,https://www.theguardian.com/football/2026/may/27/manchester-united-agree-to-sign-ederson-as-midfeld-rebuild-begins-to-take-shape,Manchester United agree £37m deal for Éderson as midfield rebuild starts,YES
38,45,Sky Sports,rss,2026-06-20,advanced,https://www.skysports.com/football/live-blog/12691/13025492/man-utd-transfer-news-rumours-and-gossip-live-updates-and-latest-on-deals-signings-loans-and-contracts,"Man Utd latest: Ederson deal 'almost done', midfielder reveals",YES
39,46,The Guardian,rss,2026-06-08,interest,https://www.theguardian.com/football/2026/jun/08/manchester-united-city-100m-elliot-anderson-transfer-news,Manchester United think they can beat City to £100m-rated Elliot Anderson,YES
40,46,The Guardian,rss,2026-06-10,talks,https://www.theguardian.com/football/2026/jun/10/nottingham-forest-reject-manchester-citys-122m-bid-for-elliot-anderson,Nottingham Forest reject Manchester City’s £122m bid for Elliot Anderson,YES
41,46,BBC Sport,rss,2026-06-25,agreement,https://www.bbc.co.uk/sport/football/articles/cn8qx30q4xqo?at_medium=RSS&at_campaign=rss,Man City agree record fee with Forest for Anderson,YES
42,46,Sky Sports,rss,2026-07-02,official,https://www.skysports.com/football/news/12691/13558090/elliot-anderson-to-man-city-midfielder-completes-record-breaking-116m-transfer-from-nottingham-forest,Anderson's record-breaking £116m Man City move announced,YES
43,47,The Guardian,rss,2026-06-02,interest,https://www.theguardian.com/football/2026/jun/02/everton-interested-in-15m-hayden-hackney-but-face-stiff-competition,Everton interested in £15m Hayden Hackney but face stiff competition,YES
44,47,The Guardian,rss,2026-07-02,official,https://www.theguardian.com/football/2026/jul/02/transfer-latest-premier-league-everton-tottenham,"Transfer roundup: Everton clinch Hackney signing, Spurs announce Fernandes",YES
45,48,The Guardian,rss,2026-05-28,rumour_link,https://www.theguardian.com/football/2026/may/28/ibrahima-konate-set-to-leave-liverpool-after-failing-to-agree-new-contract,Ibrahima Konaté poised to leave Liverpool after failing to agree new contract,YES
46,48,BBC Sport,rss,2026-06-18,agreement,https://www.bbc.com/sport/football/articles/crr8797ek15o?at_medium=RSS&at_campaign=rss,Konate to join Real Madrid on four-year deal,YES
47,48,Sky Sports,rss,2026-06-18,official,https://www.skysports.com/football/news/12040/13555253/ibrahima-konate-joins-real-madrid-jose-mourinho-completes-third-signing-as-laliga-club-confirm-deal-for-defender,Real Madrid confirm Konate signing,YES
48,49,BBC Sport,rss,2026-06-16,agreement,https://www.bbc.com/sport/articles/cpwez2pg8x1o?at_medium=RSS&at_campaign=rss,Spurs agree £52m Van Hecke deal with Brighton,YES
49,49,Sky Sports,rss,2026-06-16,agreement,https://www.skysports.com/football/news/12040/13554757/jan-paul-van-hecke-tottenham-agree-deal-for-brighton-defender-worth-52m,Spurs agree £52m deal to sign Van Hecke from Brighton,YES
50,49,Sky Sports,rss,2026-06-16,official,https://www.skysports.com/football/news/12691/13555493/jan-paul-van-hecke-tottenham-sign-brighton-defender-for-52m,Spurs sign Van Hecke for £52m,YES
51,49,BBC Sport,rss,2026-06-18,official,https://www.bbc.com/sport/football/articles/cgqj33gq21jo?at_medium=RSS&at_campaign=rss,Spurs complete £52m Van Hecke signing from Brighton,YES
52,49,The Guardian,rss,2026-06-18,official,https://www.theguardian.com/football/2026/jun/18/tottenham-52m-van-hecke-de-zerbi-defence,Tottenham complete £52m Van Hecke signing as De Zerbi focuses on defence,YES
53,50,The Guardian,rss,2026-05-26,interest,https://www.theguardian.com/football/2026/may/26/joao-palhinha-wants-to-stay-tottenham-bayern-munich,João Palhinha wants to stay at Tottenham after helping club avoid relegation,auto
54,51,The Guardian,rss,2026-06-09,denied,https://www.theguardian.com/football/2026/jun/09/atletico-madrid-reject-129m-bid-from-real-madrid-for-julian-alvarez,Atlético Madrid reject £129m bid from Real Madrid for Julián Alvarez,auto
55,51,BBC Sport,rss,2026-06-22,interest,https://www.bbc.co.uk/sport/football/articles/cgk6r655j5lo?at_medium=RSS&at_campaign=rss,Argentina's Alvarez wants to leave Atletico Madrid,auto
56,51,Sky Sports,rss,2026-06-23,interest,https://www.skysports.com/football/news/12691/13556913/julian-alvarez-atletico-madrid-striker-says-he-wants-to-leave-club-to-fulfil-his-dream,Alvarez wants to leave Atletico Madrid,auto
58,53,The Guardian,rss,2026-06-15,official,https://www.theguardian.com/football/2026/jun/14/real-madrid-marc-cucurella-chelsea-transfer-window-football,Real Madrid announce signing of Chelsea’s Marc Cucurella in £52m deal,YES
59,54,BBC Sport,rss,2026-06-16,denied,https://www.bbc.com/sport/football/articles/cx2jg48q9y4o?at_medium=RSS&at_campaign=rss,What does future hold for Rashford as deadline passes?,auto
60,54,BBC Sport,rss,2026-06-22,rumour_link,https://www.bbc.com/sport/football/articles/cddlz15pqyqo?at_medium=RSS&at_campaign=rss,Rashford might still join Barca - Monday's gossip,auto
63,56,The Guardian,rss,2026-06-13,interest,https://www.theguardian.com/football/2026/jun/12/manchester-united-west-ham-mateus-fernandes-real-madrid-arsenal-psg,Manchester United lead chase for West Ham’s £80m-rated Mateus Fernandes,YES
64,56,Sky Sports News,rss,2026-06-24,interest,https://www.skysports.com/football/news/12691/13557379/transfer-news-man-utd-and-tottenham-battling-for-west-hams-mateus-fernandes-and-arsenal-target-alex-scott,Man Utd and Spurs battling for Fernandes and Arsenal target Scott,YES
65,56,BBC Sport,rss,2026-06-24,interest,https://www.bbc.co.uk/sport/football/articles/cy4ejzz5jneo?at_medium=RSS&at_campaign=rss,Spurs want West Ham's Fernandes after Tonali bid rejected,YES
66,57,The Guardian,rss,2026-06-05,rumour_link,https://www.theguardian.com/football/2026/jun/05/real-madrid-to-launch-150m-bid-for-michael-olise-if-florentino-perez-re-elected,Real Madrid to launch €150m bid for Michael Olise if Florentino Pérez re-elected,auto
67,57,BBC Sport,rss,2026-06-20,denied,https://www.bbc.com/sport/football/articles/cly7m1mvr71o?at_medium=RSS&at_campaign=rss,Real Madrid deny contact with Bayern's Olise,auto
69,59,BBC Sport,rss,2026-06-16,interest,https://www.bbc.com/sport/football/articles/cx2jykw8j42o?at_medium=RSS&at_campaign=rss,Spurs join three-way Tonali fight - Wednesday's gossip,YES
70,59,Sky Sports,rss,2026-06-17,interest,https://www.skysports.com/football/news/12040/13555099/sandro-tonali-transfer-news-man-city-consider-move-for-newcastle-midfielder-who-is-also-wanted-by-tottenham,Man City consider move for Spurs target Tonali - alongside Anderson pursuit,YES
71,59,BBC Sport,rss,2026-06-20,denied,https://www.bbc.com/sport/football/articles/cy4en7q3j77o?at_medium=RSS&at_campaign=rss,Newcastle reject Spurs bid of about £80m for Tonali,YES
72,59,Sky Sports,rss,2026-06-20,denied,https://www.skysports.com/football/news/12040/13556200/sandro-tonali-transfer-news-tottenhams-80m-bid-rejected-by-newcastle-for-italy-midfielder,Newcastle reject £80m Spurs bid for Tonali,YES
73,59,Sky Sports,rss,2026-06-20,rumour_link,https://www.skysports.com/football/live-blog/12691/13025496/newcastle-transfer-news-rumours-and-gossip-live-updates-and-latest-on-deals-signings-loans-and-contracts,Newcastle latest: Were Magpies right to turn down Tonali bid?,YES
74,59,Michael Bridge,rss,2026-06-21,interest,https://www.skysports.com/watch/video/13556296/tottenham-hotspurs-80m-bid-for-newcastles-sandro-tonali-has-been-rejected,'They're not gonna go away' | Why rejected £80m bid for Tonali isn't end for Spurs,YES
75,60,BBC Sport,rss,2026-06-17,interest,https://www.bbc.com/sport/football/articles/c7vynz8jgzjo?at_medium=RSS&at_campaign=rss,'Atalanta eye Rangers' Raskin' - gossip,auto
76,61,BBC Sport,rss,2026-06-17,official,https://www.bbc.com/sport/football/articles/cy498g28d9xo?at_medium=RSS&at_campaign=rss,Falkirk receive club-record fee from West Brom for striker Stewart,YES
77,62,BBC Sport,rss,2026-06-17,official,https://www.bbc.com/sport/football/articles/c2lyzp49q0xo?at_medium=RSS&at_campaign=rss,Real Madrid sign Silva on free transfer,YES
78,62,Sky Sports,rss,2026-06-17,official,https://www.skysports.com/football/news/12040/13554908/bernardo-silva-real-madrid-sign-manchester-city-midfielder-on-free-transfer-as-jose-mourinho-impact-continues,Real Madrid sign Bernardo Silva,YES
80,64,Sky Sports,rss,2026-06-17,interest,https://www.skysports.com/football/news/12040/13554938/tottenham-transfer-news-spurs-luka-vuskovic-dilemma-as-two-brighton-bids-rejected-after-jan-paul-van-hecke-deal-agreed,Tottenham's Vuskovic dilemma after Van Hecke deal agreed,auto
81,64,BBC Sport,rss,2026-06-18,interest,https://www.bbc.com/sport/football/articles/c75y3zy6pk1o?at_medium=RSS&at_campaign=rss,Hooked after an hour - did Vuskovic boost his Spurs chances?,auto
82,64,Sky Sports,rss,2026-06-19,talks,https://www.skysports.com/football/news/12040/13555941/luka-vuskovic-brighton-make-improved-45m-bid-for-tottenham-defender,Brighton make improved offer for Spurs' Vuskovic,auto
83,65,Sky Sports,rss,2026-06-18,interest,https://www.skysports.com/football/live-blog/12040/13025501/liverpool-transfer-news-rumours-and-gossip-live-updates-and-latest-on-deals-signings-loans-and-contracts,Liverpool latest: Reds hijack Newcastle move for Spain winger Munoz,auto
84,66,BBC Sport,rss,2026-06-18,advanced,https://www.bbc.com/sport/football/articles/cdjkl44yrg3o?at_medium=RSS&at_campaign=rss,Liverpool trigger winger Munoz's £34.6m release clause,YES
85,66,Sky Sports,rss,2026-06-18,advanced,https://www.skysports.com/football/news/12040/13555211/victor-munoz-transfer-news-liverpool-hijack-newcastles-move-for-osasuna-winger-after-triggering-release-clause,Liverpool hijack Newcastle's move for Munoz after triggering release clause,YES
86,66,The Guardian,rss,2026-06-18,here_we_go,https://www.theguardian.com/football/2026/jun/18/victor-munoz-liverpool-newcastle-andoni-iraola-transfer-news,Liverpool beat Newcastle to £34.5m Víctor Muñoz in first signing of Iraola era,YES
87,66,Sky Sports,rss,2026-06-18,official,https://www.skysports.com/football/news/12040/13555469/victor-munoz-transfer-news-liverpool-sign-osasuna-winger-for-34-5m,Liverpool beat Newcastle to signing of Spain international Munoz,YES
89,68,BBC Sport,rss,2026-06-19,interest,https://www.bbc.com/sport/football/articles/c3ey5155309o?at_medium=RSS&at_campaign=rss,Arsenal's first bid for Monga rejected - Friday's gossip,auto
90,69,BBC Sport,rss,2026-06-19,interest,https://www.bbc.com/sport/football/articles/cd6ejz12z55o?at_medium=RSS&at_campaign=rss,Raskin seeks move amid Atalanta interest - gossip,auto
91,69,BBC Sport,rss,2026-06-25,talks,https://www.bbc.co.uk/sport/football/articles/c8r20l02e56o?at_medium=RSS&at_campaign=rss,Bologna open talks for Rangers' Raskin - gossip,auto
92,70,Sky Sports,rss,2026-06-19,interest,https://www.skysports.com/football/live-blog/12040/13353569/leeds-united-transfer-news-rumours-and-gossip-live-updates-and-latest-on-deals-signings-loans-and-contracts,Leeds latest: Club working on deals for Fulham's Wilson and Brandt,auto
93,70,BBC Sport,rss,2026-06-24,agreement,https://www.bbc.co.uk/sport/football/articles/c892dk5dnz8o?at_medium=RSS&at_campaign=rss,Leeds agree contract with Fulham forward Wilson,auto
94,70,Sky Sports,rss,2026-06-24,agreement,https://www.skysports.com/football/news/12691/13557327/leeds-transfer-news-harry-wilson-agreement-reached-as-midfielder-set-to-sign-on-free-transfer-when-fulham-contract-expires,Leeds reach agreement to sign Wilson on a free,auto
96,72,BBC Sport,rss,2026-06-20,interest,https://www.bbc.com/sport/football/articles/cvgl9y9jdlwo?at_medium=RSS&at_campaign=rss,Spurs to enter Wharton chase - Saturday's gossip,auto
97,73,Sky Sports,rss,2026-06-19,interest,https://www.skysports.com/football/live-blog/12040/12476234/transfer-centre-live-football-transfer-news-updates-and-rumours,Transfer Centre LIVE! RB Leipzig name huge Diomande price amid Liverpool interest,auto
98,73,Sky Sports,rss,2026-06-20,denied,https://www.skysports.com/football/live-blog/12691/13025501/liverpool-transfer-news-rumours-and-gossip-live-updates-and-latest-on-deals-signings-loans-and-contracts,Liverpool latest: '£87m bid for Diomande rejected',auto
99,74,BBC Sport,rss,2026-06-20,interest,https://www.bbc.com/sport/football/articles/c9924mxedgno?at_medium=RSS&at_campaign=rss,Chelsea weigh up Wirtz move - Sunday's gossip,auto
100,75,BBC Sport,rss,2026-06-21,interest,https://www.bbc.com/sport/football/articles/c5yzq08x07vo?at_medium=RSS&at_campaign=rss,Hearts line up Ghuendouz & Celtic consider Duran - gossip,auto
101,76,Sky Sports,rss,2026-06-22,rumour_link,https://www.skysports.com/football/live-blog/12691/13163353/efl-transfer-news-rumours-and-gossip-for-championship-league-one-and-league-two,EFL latest: Serie A side considering move for Burnley's Broja,auto
102,77,BBC Sport,rss,2026-06-21,interest,https://www.bbc.com/sport/football/articles/cz0jyrpzpj3o?at_medium=RSS&at_campaign=rss,Spurs' Bergvall exploring options away from club,auto
103,77,Sky Sports,rss,2026-06-21,interest,https://www.skysports.com/football/news/12691/13556507/lucas-bergvall-transfer-news-tottenham-midfielder-asks-to-leave-premier-league-club-in-search-for-first-team-football,Bergvall asks to leave Tottenham,auto
104,78,Dharmesh Sheth,rss,2026-06-18,interest,https://www.skysports.com/football/news/12691/13555268/arsenal-transfer-news-club-stepping-up-interest-in-morgan-rogers-with-several-players-facing-uncertain-futures-at-emirates,"Rogers, midfield target and exits expected - Arsenal's summer transfer plans",auto
105,78,The Guardian,rss,2026-06-22,interest,https://www.theguardian.com/football/2026/jun/22/arsenal-make-morgan-rogers-top-target-in-transfer-window,Arsenal make Villa’s Morgan Rogers their No 1 target in transfer window,auto
106,78,BBC Sport,rss,2026-06-23,interest,https://www.bbc.co.uk/sport/football/articles/ckg84mz08d8o?at_medium=RSS&at_campaign=rss,Rogers keen on Arsenal move - Tuesday's gossip,auto
107,79,Sky Sports,rss,2026-06-20,denied,https://www.skysports.com/football/live-blog/12691/12507208/football-latest-news-gossip,Real Madrid deny interest in Bayern Munich winger Olise,auto
110,82,Sky Sports,rss,2026-06-22,advanced,https://www.skysports.com/football/live-blog/12691/13279295/brighton-transfers-latest-news-rumours-and-gossip-live-updates-goals-and-highlights,Brighton latest: Seagulls closing in on Svoboda signing,YES
111,83,BBC Sport,rss,2026-06-18,agreement,https://www.bbc.co.uk/sport/football/articles/czrx8vd2yvdo?at_medium=RSS&at_campaign=rss,Beever-Jones set to sign new deal at Chelsea,auto
112,84,BBC Sport,rss,2026-06-23,advanced,https://www.bbc.co.uk/sport/football/articles/c3ey7vp051yo?at_medium=RSS&at_campaign=rss,Chelsea close in on Palestra as Alonso's first signing,YES
113,85,Sky Sports,rss,2026-06-24,rumour_link,https://www.skysports.com/football/news/12691/13557278/paper-talk-x,Papers: Chelsea could sell Gusto to pave way for Palestra deal,auto
114,86,BBC Sport,rss,2026-06-24,advanced,https://www.bbc.co.uk/sport/football/articles/c4gyv2z42glo?at_medium=RSS&at_campaign=rss,Rangers close to re-signing McCrorie - gossip,YES
115,87,BBC Sport,rss,2026-06-24,interest,https://www.bbc.co.uk/sport/football/articles/czj8v1pz204o?at_medium=RSS&at_campaign=rss,Defender Gusto considering Chelsea future,auto
116,88,BBC Sport,rss,2026-06-24,agreement,https://www.bbc.co.uk/sport/football/articles/c9w2de7gnj9o?at_medium=RSS&at_campaign=rss,Spurs sign Dubravka on free transfer amid doubts over Vicario future,YES
118,90,BBC Sport,rss,2026-06-25,advanced,https://www.bbc.co.uk/sport/football/articles/cy73eekmejzo?at_medium=RSS&at_campaign=rss,Man Utd's Onana set for Trabzonspor loan,YES
119,91,BBC Sport,rss,2026-06-26,talks,https://www.bbc.co.uk/sport/football/articles/c77yd4yxzlno?at_medium=RSS&at_campaign=rss,Brentford in talks to sign Burnley's Anthony,auto
120,92,Sky Sports,rss,2026-06-27,interest,https://www.skysports.com/football/news/12691/13558363/granit-xhaka-transfer-news-chelsea-interested-in-signing-sunderland-midfielder-to-reunite-him-with-xabi-alonso,Chelsea interested in signing Xhaka,auto
121,92,Sky Sports News,rss,2026-07-03,denied,https://www.skysports.com/football/news/12691/13560190/sunderland-transfer-news-granit-xhaka-staying-at-stadium-of-light-after-chelsea-bid-for-black-cats-captain-rejected,Xhaka staying at Sunderland despite Chelsea bid,auto
122,93,Sky Sports,rss,2026-06-29,interest,https://www.skysports.com/football/live-blog/12691/13279317/ipswich-transfers-latest-news-rumours-and-gossip-live-updates-goals-and-highlights,Ipswich latest: 'Club keen on Lille defender Alexsandro',auto
123,94,BBC Sport,rss,2026-06-29,advanced,https://www.bbc.co.uk/sport/football/articles/c892qdnqgvlo?at_medium=RSS&at_campaign=rss,Lewandowski close to Chicago Fire switch,YES
124,95,BBC Sport,rss,2026-06-29,denied,https://www.bbc.co.uk/sport/football/articles/ce8mgmr732do?at_medium=RSS&at_campaign=rss,Bournemouth reject Arsenal interest in Scott,auto
125,95,BBC Sport,rss,2026-07-04,rumour_link,https://www.bbc.co.uk/sport/football/articles/c0ey2rrvld4o?at_medium=RSS&at_campaign=rss,Premier League quartet want Scott - Sunday's gossip,auto
126,96,BBC Sport,rss,2026-07-01,official,https://www.bbc.co.uk/sport/football/articles/c2lyrw20n80o?at_medium=RSS&at_campaign=rss,Neil embraces expectation after joining Rangers,YES
127,97,Sky Sports,rss,2026-07-04,official,https://www.skysports.com/football/live-blog/12691/13176154/scottish-premiership-news-transfers-rumours-gossip-and-more,Scottish Prem latest: Celtic confirm Oxlade-Chamberlain deal,auto
128,98,The Guardian,rss,2026-07-05,interest,https://www.theguardian.com/football/2026/jul/05/andrey-santos-manchester-united-chelsea-transfer,Manchester United target Andrey Santos but Chelsea value midfielder at £50m,YES
129,99,BBC Sport,rss,2026-06-24,rumour_link,https://www.bbc.co.uk/sport/football/articles/c9v273npglmo?at_medium=RSS&at_campaign=rss,Scotland keeper Gunn on Man Utd radar - Thursday's gossip,auto
130,100,Sky Sports,rss,2026-07-03,interest,https://www.skysports.com/football/news/12691/13559979/man-utd-transfer-news-aurelien-tchouameni-and-alex-scott-high-on-midfield-shortlist-with-ayyoub-bouaddi-also-of-interest,Tchouameni and Scott high on Man Utd midfield shortlist,auto
131,101,The Guardian,rss,2026-07-03,interest,https://www.theguardian.com/football/2026/jul/03/fulham-move-for-west-ham-crysencio-summerville,Fulham make move for Crysencio Summerville while Granit Xhaka stays at Sunderland,auto
132,102,BBC Sport,rss,2026-07-05,official,https://www.bbc.co.uk/sport/football/articles/c20yyg6n3zwo?at_medium=RSS&at_campaign=rss,Real Madrid sign defender Dumfries from Inter Milan,YES
133,103,Sky Sports,rss,2026-06-25,interest,https://www.skysports.com/football/live-blog/12691/13025499/man-city-transfer-news-rumours-and-gossip-live-updates-and-latest-on-deals-signings-loans-and-contracts,Man City latest: Monza keen on Echeverri,auto
134,104,BBC Sport,rss,2026-07-05,talks,https://www.bbc.co.uk/sport/football/articles/c1ly222d9djo?at_medium=RSS&at_campaign=rss,'Sassuolo and Bologna in Bowie transfer talks' - gossip,auto
136,106,BBC Sport,rss,2026-07-04,agreement,https://www.bbc.co.uk/sport/football/articles/c20y27eqj13o?at_medium=RSS&at_campaign=rss,Fenerbahce complete deal to sign Ake from Man City,YES
137,107,BBC Sport,rss,2026-06-25,here_we_go,https://www.bbc.co.uk/sport/football/articles/c8x2189557wo?at_medium=RSS&at_campaign=rss,Hincapie completes permanent Arsenal move,YES
138,108,BBC Sport,rss,2026-07-04,advanced,https://www.bbc.co.uk/sport/football/articles/cly7pvqde72o?at_medium=RSS&at_campaign=rss,Everton agree £24m deal for Chelsea winger George,YES
140,110,BBC Sport,rss,2026-06-26,interest,https://www.bbc.co.uk/sport/football/articles/c1wyl3rp1x0o?at_medium=RSS&at_campaign=rss,Arsenal keen on Guimaraes move - Friday's gossip,auto
141,46,Sky Sports,rss,2026-06-25,agreement,https://www.skysports.com/football/news/12691/13550595/elliot-anderson-transfer-news-man-city-agree-deal-to-sign-nottingham-forest-midfielder,Man City agree £116m deal to sign Anderson,YES
142,46,The Guardian,rss,2026-06-25,agreement,https://www.theguardian.com/football/2026/jun/25/manchester-city-agree-british-record-130m-fee-with-nottingham-forest-for-elliot-anderson,Manchester City agree £116m fee with Nottingham Forest for Elliot Anderson,YES
143,98,BBC Sport,rss,2026-07-05,interest,https://www.bbc.co.uk/sport/football/articles/cp9llnxk45jo?at_medium=RSS&at_campaign=rss,Chelsea's Santos considered as Man Utd look to solve midfield issues,YES
144,110,Sky Sports,rss,2026-06-26,interest,https://www.skysports.com/football/live-blog/12691/13025486/arsenal-transfer-news-rumours-and-gossip-live-updates-and-latest-on-deals-signings-loans-and-contracts,Arsenal latest: Gunners explore Guimaraes move,auto
145,110,BBC Sport,rss,2026-06-26,talks,https://www.bbc.co.uk/sport/football/articles/cly71eqgej8o?at_medium=RSS&at_campaign=rss,Arsenal explore moves for Newcastle's Guimaraes & Tonali,auto
147,112,Sky Sport News,rss,2026-06-26,interest,https://www.skysports.com/football/news/12691/13558047/newcastle-interested-in-germany-midfielder-felix-nmecha-as-arsenal-explore-bruno-guimaraes-transfer,Newcastle interested in Nmecha as Arsenal explore Guimaraes deal,auto
148,113,Sky Sports,rss,2026-06-26,medical,https://www.skysports.com/football/live-blog/12691/13025497/chelsea-transfer-news-rumours-and-gossip-live-updates-and-latest-on-deals-signings-loans-and-contracts,Chelsea latest: Palestra to have Blues medical on Friday,auto
149,47,BBC Sport,rss,2026-06-29,advanced,https://www.bbc.co.uk/sport/football/articles/cgmd4ld079po?at_medium=RSS&at_campaign=rss,Middlesbrough's Hackney set for Everton move,YES
150,92,The Guardian,rss,2026-06-27,interest,https://www.theguardian.com/football/2026/jun/27/chelsea-granit-xhaka-xabi-alonso-sunderland-trevoh-chalobah-como,Chelsea interested in Granit Xhaka to reunite midfielder with Xabi Alonso,auto
151,92,BBC Sport,rss,2026-06-27,talks,https://www.bbc.co.uk/sport/football/articles/c9d299g6wq6o?at_medium=RSS&at_campaign=rss,Chelsea in talks to sign Sunderland's Xhaka,auto
152,112,BBC Sport,rss,2026-06-29,rumour_link,https://www.bbc.co.uk/sport/football/articles/cdjknmk894eo?at_medium=RSS&at_campaign=rss,Kane will sign new Bayern deal - Tuesday's gossip,auto
153,114,BBC Sport,rss,2026-06-29,official,https://www.bbc.co.uk/sport/football/articles/c9v2xjnwn2vo?at_medium=RSS&at_campaign=rss,Ex-Everton defender Godfrey joins Rangers on loan from Atalanta,YES
154,114,Sky Sports,rss,2026-06-29,official,https://www.skysports.com/football/news/12691/13558797/ben-godfrey-rangers-sign-ex-everton-defender-on-season-long-loan-from-atalanta,Rangers sign ex-Everton defender Godfrey on loan from Atalanta,YES
155,115,Sky Sports,rss,2026-06-29,interest,https://www.skysports.com/football/news/12691/13558837/liverpool-transfer-news-bradley-barcola-among-alternative-targets-with-psg-in-talks-to-sign-yan-diomande,Liverpool consider Barcola as PSG advance with move for Diomande,auto
156,116,Sky Sports,rss,2026-06-26,interest,https://www.skysports.com/football/news/12691/13558113/bruno-guimaraes-transfer-news-arsenal-preparing-second-approach-for-newcastle-captain-paper-talk,Papers: Arsenal preparing second approach for Guimaraes,auto
157,117,Sky Sports,rss,2026-06-29,interest,https://www.skysports.com/football/news/12691/13558939/harry-kane-transfer-news-barcelona-interested-in-signing-bayern-munich-forward-and-england-captain,Barcelona interested in England captain Kane,auto
158,118,BBC Sport,rss,2026-06-30,advanced,https://www.bbc.co.uk/sport/football/articles/cdjknm14r4lo?at_medium=RSS&at_campaign=rss,'Pandur poised for Rangers as Butland heads for Hull' - gossip,YES
160,120,BBC Sport,rss,2026-06-26,advanced,https://www.bbc.co.uk/sport/football/articles/c6210jyj0n6o?at_medium=RSS&at_campaign=rss,Chelsea close in on Lacroix - Saturday's gossip,auto
161,121,Sky Sports,rss,2026-06-28,agreement,https://www.skysports.com/football/live-blog/12691/13353569/leeds-united-transfer-news-rumours-and-gossip-live-updates-and-latest-on-deals-signings-loans-and-contracts,Leeds latest: Brighton agree deal to sign Struijk,YES
162,122,BBC Sport,rss,2026-06-29,advanced,https://www.bbc.co.uk/sport/football/articles/cn4d2xp017vo?at_medium=RSS&at_campaign=rss,'Ferguson to assess Bologna future' - gossip,auto
163,123,BBC Sport,rss,2026-06-27,talks,https://www.bbc.co.uk/sport/football/articles/cp364e4n1y5o?at_medium=RSS&at_campaign=rss,Como bid for Chelsea's Chalobah - Sunday's gossip,auto
164,124,BBC Sport,rss,2026-06-28,rumour_link,https://www.bbc.co.uk/sport/football/articles/cqx1yjnxng2o?at_medium=RSS&at_campaign=rss,Diomande picks PSG over Liverpool - Monday's gossip,auto
165,124,BBC Sport,rss,2026-06-29,talks,https://www.bbc.co.uk/sport/football/articles/cy5v91kerr9o?at_medium=RSS&at_campaign=rss,Liverpool target Diomande would prefer to join PSG,auto
166,47,BBC Sport,rss,2026-07-02,agreement,https://www.bbc.co.uk/sport/football/articles/cvglewzezl7o?at_medium=RSS&at_campaign=rss,Everton sign midfielder Hackney from Middlesbrough,YES
167,47,Sky Sports,rss,2026-07-02,official,https://www.skysports.com/football/news/12691/13559023/hayden-hackney-transfer-news-everton-sign-midfielder-from-middlesbrough-in-24m-deal,Hackney joins Everton in £24m deal,YES
168,56,Sky Sports,rss,2026-06-30,medical,https://www.skysports.com/football/news/12691/13559281/mateus-fernandes-transfer-news-tottenham-agree-85m-deal-ahead-of-manchester-united-for-west-ham-midfielder,Fernandes set for medical after Spurs beat Man Utd to £85m deal,YES
169,56,The Guardian,rss,2026-06-30,medical,https://www.theguardian.com/football/2026/jun/30/tottenham-west-ham-mateus-fernandes-club-record-85m-manchester-united-transfers,Tottenham win race to sign West Ham’s Mateus Fernandes for club record £85m,YES
170,56,BBC Sport,rss,2026-07-01,denied,https://www.bbc.co.uk/sport/football/articles/cx2d4drnr70o?at_medium=RSS&at_campaign=rss,"No signings, no sales - what is happening at Manchester United?",YES
171,56,Sky Sports,rss,2026-07-01,official,https://www.skysports.com/football/news/12691/13559479/mateus-fernandes-transfer-news-midfielder-set-for-medical-after-spurs-beat-man-utd-to-85m-deal,Spurs complete club-record £85m Fernandes signing,YES
172,56,BBC Sport,rss,2026-07-02,here_we_go,https://www.bbc.co.uk/sport/football/articles/c862ejqg3leo?at_medium=RSS&at_campaign=rss,Spurs sign Fernandes for club record £85m,YES
173,59,BBC Sport,rss,2026-07-01,agreement,https://www.bbc.co.uk/sport/football/articles/cx2xjlevpjpo?at_medium=RSS&at_campaign=rss,Spurs agree deal worth up to £100m for Newcastle's Tonali,YES
174,59,The Guardian,rss,2026-07-01,agreement,https://www.theguardian.com/football/2026/jul/01/tottenham-sandro-tonali-agree-100m-deal-newcastle,Tottenham agree £100m deal to buy Sandro Tonali from Newcastle,YES
175,59,Sky Sports,rss,2026-07-02,medical,https://www.skysports.com/football/news/12691/13559533/sandro-tonali-tottenham-agree-club-record-100m-deal-to-sign-newcastle-midfielder,Tonali set for medical as Spurs agree record £100m deal with Newcastle,YES
176,64,BBC Sport,rss,2026-07-01,agreement,https://www.bbc.co.uk/sport/football/articles/c4gyqve0w5jo?at_medium=RSS&at_campaign=rss,Brighton agree club record £46m Vuskovic deal,auto
177,64,Sky Sports,rss,2026-07-01,agreement,https://www.skysports.com/football/news/12691/13559569/luka-vuskovic-transfer-news-tottenham-defender-set-to-join-brighton-after-improved-bid-accepted,Spurs' Vuskovic set to join Brighton in club record deal,auto
178,84,Sky Sports,rss,2026-06-24,official,https://www.skysports.com/football/news/12691/13557367/chelsea-transfer-news-marco-palestra-signs-from-serie-a-side-atalanta-in-deal-worth-43m,Chelsea sign Palestra from Atalanta,YES
179,84,BBC Sport,rss,2026-07-01,agreement,https://www.bbc.co.uk/sport/football/articles/crkvlv6myreo?at_medium=RSS&at_campaign=rss,Chelsea sign Italy defender Palestra for £47m,YES
180,96,Sky Sports,rss,2026-07-01,official,https://www.skysports.com/football/news/12691/13559448/dan-neil-rangers-sign-ex-sunderland-captain-despite-southampton-talks-as-midfielder-pens-three-year-deal,Rangers beat Saints to Neil signing following Sunderland exit,YES
181,101,Sky Sports News,rss,2026-06-30,interest,https://www.skysports.com/football/news/12691/13559234/man-utd-west-hams-crysencio-summerville-emerging-as-a-top-left-wing-target-for-michael-carricks-side,Summerville a top winger target for Man Utd but Rashford holds key,auto
182,101,BBC Sport,rss,2026-07-02,interest,https://www.bbc.co.uk/sport/football/articles/cx2krd2yzwxo?at_medium=RSS&at_campaign=rss,Spurs target West Ham's Summerville - Thursday's gossip,auto
183,108,The Guardian,rss,2026-06-30,advanced,https://www.theguardian.com/football/2026/jun/30/everton-chelsea-tyrique-george-hayden-hackney-middlesbrough-transfers,Everton close in on deals for Tyrique George and Hayden Hackney,YES
184,118,BBC Sport,rss,2026-06-30,here_we_go,https://www.bbc.co.uk/sport/football/articles/cr5jl46y3dqo?at_medium=RSS&at_campaign=rss,Rangers buy Hull goalkeeper Pandur for £6m - what will he bring?,YES
186,126,Sky Sports,rss,2026-07-01,official,https://www.skysports.com/football/news/12691/13559447/jeremy-jacquet-transfer-news-liverpool-sign-rennes-defender-in-60m-deal-with-20-year-old-moving-to-anfield-this-summer,Jacquet completes £60m move to Liverpool,YES
187,126,The Guardian,rss,2026-07-01,official,https://www.theguardian.com/football/2026/jul/01/liverpool-sign-jeremy-jacquet-rennes,Liverpool complete £60m Jacquet deal as Chelsea tie up £47m Palestra move,YES
188,127,Sky Sports,rss,2026-07-02,interest,https://www.skysports.com/football/news/12691/13559716/eli-junior-kroupi-heads-a-list-of-tottenham-targets-with-spending-spree-set-to-continue-paper-talk,Papers: Spurs target Kroupi with spending spree set to continue,auto
189,128,BBC Scotland,rss,2026-07-01,interest,https://www.bbc.co.uk/sport/football/articles/c3vy70r52wko?at_medium=RSS&at_campaign=rss,Could Rangers make Ferguson marquee signing?,auto
190,129,Ciaran Kelly,rss,2026-07-05,official,https://www.bbc.co.uk/sport/football/articles/cgqjkq3kwdgo?at_medium=RSS&at_campaign=rss,Newcastle sign Toure for £43m - what will he bring to club?,YES
191,129,Sky Sports,rss,2026-07-05,here_we_go,https://www.skysports.com/football/news/12691/13560722/bazoumana-toure-newcastle-sign-ivory-coast-winger-for-42m,Newcastle sign winger Toure for £42m,YES
192,57,BBC Sport,rss,2026-07-05,rumour_link,https://www.bbc.co.uk/sport/football/articles/cgjxx6ngdggo?at_medium=RSS&at_campaign=rss,Real Madrid plot £188m Olise deal - Monday's gossip,auto
193,59,BBC Sport,rss,2026-07-06,official,https://www.bbc.co.uk/sport/football/articles/cx2jel145g5o?at_medium=RSS&at_campaign=rss,Tottenham seal £100m move for Newcastle's Tonali,YES
194,59,Sky Sports,rss,2026-07-06,official,https://www.skysports.com/football/news/12691/13559730/sandro-tonali-tottenham-sign-italy-midfielder-in-club-record-100m-deal-from-newcastle,Spurs smash transfer record again to sign Tonali in £100m deal,YES
195,59,Sky Sports,rss,2026-07-06,agreement,https://www.skysports.com/football/news/12691/13559175/inside-newcastles-transfer-plans-as-sandro-tonali-leaves-for-tottenham-and-magpies-eye-transformational-summer,Tonali out but Bruno to stay? Inside Newcastle's transfer plans,YES
196,129,The Guardian,rss,2026-07-05,official,https://www.theguardian.com/football/2026/jul/05/newcastle-confirm-43m-signing-of-hoffenheim-winger-toure,‘A high ceiling’: Newcastle confirm £43m signing of Hoffenheim winger Touré,auto
197,59,The Guardian,rss,2026-07-06,here_we_go,https://www.theguardian.com/football/2026/jul/06/sandro-tonali-seals-move-to-tottenham-newcastle-transfer-window,Sandro Tonali seals £92.5m move to Tottenham on back of ‘magic’ sales pitch,YES
199,141,BBC Sport,rss,2026-07-06,agreement,https://www.bbc.co.uk/sport/football/articles/ckg00p0vwgro?at_medium=RSS&at_campaign=rss,Brentford set to sign Wilson after West Ham exit,auto
200,142,BBC Sport,rss,2026-07-07,advanced,https://www.bbc.co.uk/sport/football/articles/crkv506gxyro?at_medium=RSS&at_campaign=rss,Newcastle closing in on signing of Ajax's Steur,YES
201,142,The Guardian,rss,2026-07-07,advanced,https://www.theguardian.com/football/2026/jul/07/newcastle-sean-steur-transfers-round-up-football,Newcastle close in on signing Ajax generational talent Steur for £23m,YES
202,143,BBC Sport,rss,2026-07-07,medical,https://www.bbc.co.uk/sport/football/articles/c5yzzxv8yw0o?at_medium=RSS&at_campaign=rss,Qarabag's Duran poised for Celtic medical,YES
203,144,BBC Sport,rss,2026-07-07,agreement,https://www.bbc.co.uk/sport/football/articles/cvge7wen5g9o?at_medium=RSS&at_campaign=rss,Arsenal set to sign Meslier on free transfer after Leeds exit,YES
204,144,Sky Sports,rss,2026-07-07,agreement,https://www.skysports.com/football/news/12691/13561360/illan-meslier-to-arsenal-gunners-set-to-sign-former-leeds-goalkeeper-on-free-transfer,Arsenal set to sign former Leeds goalkeeper Meslier,YES
205,145,BBC Sport,rss,2026-07-07,agreement,https://www.bbc.co.uk/sport/football/articles/c15y1q01g92o?at_medium=RSS&at_campaign=rss,Partick's Clarke moves to Doncaster immediately after Celtic switch,YES
207,143,Sky Sports,rss,2026-07-08,advanced,https://www.skysports.com/football/news/12691/13561591/celtic-transfer-news-martin-oneill-confident-camilo-duran-deal-will-only-be-start-of-summer-signings,O'Neill confident Duran deal will only be start of Celtic summer signings,YES
209,148,BBC Sport,rss,2026-07-08,interest,https://www.bbc.co.uk/sport/football/articles/cwyllrxveklo?at_medium=RSS&at_campaign=rss,Why Newcastle target Manzambi is in demand,auto
210,70,Sky Sports,rss,2026-07-08,here_we_go,https://www.skysports.com/football/news/12691/13561731/harry-wilson-to-leeds-united-wales-international-makes-elland-road-switch-after-leaving-fulham,Leeds sign free agent Wilson after Fulham exit,auto
211,98,BBC Sport,rss,2026-07-08,agreement,https://www.bbc.co.uk/sport/football/articles/cr7xkgd8vdko?at_medium=RSS&at_campaign=rss,Man Utd agree deal for Chelsea's Santos,YES
212,98,Sky Sports,rss,2026-07-08,agreement,https://www.skysports.com/football/news/12691/13561742/andrey-santos-manchester-united-agree-50m-deal-for-chelsea-and-brazil-midfielder,Man Utd agree £50m deal for Chelsea midfielder Santos,YES
213,70,BBC Sport,rss,2026-07-08,official,https://www.bbc.co.uk/sport/football/articles/c0rydrz49e0o?at_medium=RSS&at_campaign=rss,Leeds confirm Wilson arrival on free transfer,auto
214,99,BBC Sport,rss,2026-07-08,official,https://www.bbc.co.uk/sport/football/articles/c982080yd7ro?at_medium=RSS&at_campaign=rss,Scotland goalkeeper Gunn signs for San Jose Earthquakes,auto
215,110,Sky Sports News,rss,2026-07-08,interest,https://www.skysports.com/football/news/12691/13561780/bruno-guimaraes-transfer-news-newcastle-captain-tells-club-he-wants-to-join-arsenal-after-world-cup-exit-with-brazil,Newcastle captain Guimaraes tells club he wants to join Arsenal,auto
216,131,BBC Sport,rss,2026-07-08,official,https://www.bbc.co.uk/sport/football/articles/c3vy0v39qkko?at_medium=RSS&at_campaign=rss,Chelsea announce £40m Quenda signing,auto
217,149,BBC Sport,rss,2026-07-08,interest,https://www.bbc.co.uk/sport/football/articles/c24yjpggq13o?at_medium=RSS&at_campaign=rss,Fenerbahce confident of Greenwood deal,auto
218,110,The Guardian,rss,2026-07-08,interest,https://www.theguardian.com/football/2026/jul/08/arsenal-on-alert-after-bruno-guimaraes-tells-newcastle-he-wants-to-leave,Arsenal on alert after Bruno Guimarães tells Newcastle he wants to leave,auto
219,131,BBC Sport,rss,2026-07-09,here_we_go,https://www.bbc.co.uk/sport/football/articles/c629q72yr90o?at_medium=RSS&at_campaign=rss,"Idolises Ronaldo, plays like Saka - meet  £40m Chelsea winger Quenda",auto
220,150,BBC Sport,rss,2026-07-09,interest,https://www.bbc.co.uk/sport/football/articles/ce37q0371n8o?at_medium=RSS&at_campaign=rss,'Celtic go all out for striker Bowie' - gossip,auto
221,142,BBC Sport,rss,2026-07-09,here_we_go,https://www.bbc.co.uk/sport/football/articles/ckg060ewpp8o?at_medium=RSS&at_campaign=rss,Newcastle sign teenager Steur from Ajax for £23m,YES
222,142,Sky Sports,rss,2026-07-09,official,https://www.skysports.com/football/news/12691/13561944/sean-steur-newcastle-sign-midfielder-from-ajax-for-23m-on-five-year-deal-after-sandro-tonali-exit,Newcastle sign Ajax teenager Steur,YES
223,144,Sky Sports,rss,2026-07-07,here_we_go,https://www.skysports.com/football/news/12691/13561962/illan-meslier-to-arsenal-gunners-sign-former-leeds-goalkeeper-on-free-transfer,Arsenal sign former Leeds goalkeeper Meslier,YES
224,148,The Guardian,rss,2026-07-09,agreement,https://www.theguardian.com/football/2026/jul/09/newcastle-agree-johan-manzambi-deal-and-insist-bruno-guimaraes-not-for-sale-transfer-window,Newcastle agree £51.5m Johan Manzambi deal and insist Bruno Guimarães not for sale,auto
225,110,BBC Sport,rss,2026-07-09,rumour_link,https://www.bbc.co.uk/sport/football/articles/c0qyx8y5pdpo?at_medium=RSS&at_campaign=rss,What's going on at Newcastle with Bruno's future in doubt?,auto
226,141,BBC Sport,rss,2026-07-09,official,https://www.bbc.co.uk/sport/football/articles/c1wyxlzqvrqo?at_medium=RSS&at_campaign=rss,Brentford sign Wilson after West Ham exit,auto
227,143,BBC Sport,rss,2026-07-09,agreement,https://www.bbc.co.uk/sport/football/articles/ckg8x3yep3po?at_medium=RSS&at_campaign=rss,'A bit of a rebel' - what will Celtic get from forward Duran?,YES
228,144,BBC Sport,rss,2026-07-09,official,https://www.bbc.co.uk/sport/football/articles/cq51xj4pjwwo?at_medium=RSS&at_campaign=rss,Meslier joins Arsenal on free transfer after Leeds exit,YES
229,151,BBC Sport,rss,2026-07-09,advanced,https://www.bbc.co.uk/sport/football/articles/cj0g61gedz7o?at_medium=RSS&at_campaign=rss,Ex-Leeds keeper Darlow set for Man Utd move,YES
230,152,BBC Sport,rss,2026-07-09,agreement,https://www.bbc.co.uk/sport/football/articles/cdxd5rd7kqwo?at_medium=RSS&at_campaign=rss,Palace sign Spain defender Mingueza on free transfer,auto
231,68,BBC Sport,rss,2026-07-10,agreement,https://www.bbc.co.uk/sport/football/articles/cdr4vvlp7d0o?at_medium=RSS&at_campaign=rss,How good is Monga and what role could he play at Man City?,auto
232,143,BBC Sport,rss,2026-07-10,official,https://www.bbc.co.uk/sport/football/articles/crelrygnp0eo?at_medium=RSS&at_campaign=rss,Duran completes switch to Celtic from Qarabag,YES
233,143,Sky Sports,rss,2026-07-10,official,https://www.skysports.com/football/news/12691/13561241/camilo-duran-celtic-make-first-new-summer-signing-as-striker-joins-from-qarabag-on-five-year-deal,Celtic make first new summer signing as Duran joins from Qarabag,YES
234,153,BBC Sport,rss,2026-07-10,rumour_link,https://www.bbc.co.uk/sport/football/articles/c9v29j8ee3yo?at_medium=RSS&at_campaign=rss,Rangers pursue midfielder Fosso - gossip,auto
235,154,BBC Sport,rss,2026-07-10,interest,https://www.bbc.co.uk/sport/football/articles/cz6vz91n7e5o?at_medium=RSS&at_campaign=rss,Spurs make offer for Kolo Muani - Friday gossip,auto
239,157,BBC Sport,rss,2026-07-10,here_we_go,https://www.bbc.co.uk/sport/football/articles/cdr480l5yd3o?at_medium=RSS&at_campaign=rss,Aberdeen sell Keskinen to Odense after 'very good offer',auto
240,45,BBC Sport,rss,2026-07-10,denied,https://www.bbc.co.uk/sport/football/articles/c9d2z59596eo?at_medium=RSS&at_campaign=rss,Man Utd's Ederson move in doubt,auto
241,68,Sky Sports,rss,2026-07-11,here_we_go,https://www.skysports.com/football/news/12691/13562077/jeremy-monga-transfer-man-city-complete-signing-of-17-year-old-leicester-city-winger,Man City sign teenager Monga from Leicester for £10m,auto
242,68,The Guardian,rss,2026-07-11,agreement,https://www.theguardian.com/football/2026/jul/11/manchester-city-beat-arsenal-to-signing-of-17-year-old-jeremy-monga-from-leicester,Manchester City beat Arsenal to signing of 17-year-old Jeremy Monga from Leicester,auto
243,158,BBC Sport,rss,2026-07-11,official,https://www.bbc.co.uk/sport/football/articles/c4gy145l43qo?at_medium=RSS&at_campaign=rss,Devlin joins Rangers after Hearts exit - what will he bring to club?,YES
244,158,Sky Sports,rss,2026-07-11,official,https://www.skysports.com/football/news/12691/13562497/rangers-transfer-news-cammy-devlin-leaves-hearts-and-links-up-with-former-boss-derek-mcinnes-at-ibrox,Devlin joins Rangers after Hearts exit,YES
245,159,BBC Sport,rss,2026-07-11,agreement,https://www.bbc.co.uk/sport/football/articles/c78yp36pg4do?at_medium=RSS&at_campaign=rss,Wales defender Lockyer signs for Melbourne Victory,YES
246,160,BBC Sport,rss,2026-07-11,rumour_link,https://www.bbc.co.uk/sport/football/articles/cr47ykwr7zgo?at_medium=RSS&at_campaign=rss,Garnacho absent from Chelsea pre-season training,auto
247,160,Sky Sports,rss,2026-07-11,rumour_link,https://www.skysports.com/football/news/12691/13562540/chelsea-transfers-alejandro-garnacho-up-for-sale-a-year-after-joining-from-joining-from-manchester-united,Chelsea want permanent Garnacho sale this summer,auto
248,161,BBC Sport,rss,2026-07-11,agreement,https://www.bbc.co.uk/sport/football/articles/cvgd7z5xjvno?at_medium=RSS&at_campaign=rss,Bournemouth's Jimenez set for Fiorentina loan amid investigation,auto
249,162,BBC Sport,rss,2026-07-11,official,https://www.bbc.co.uk/sport/football/articles/cpv3gxer241o?at_medium=RSS&at_campaign=rss,Coventry City sign winger Tchaouna from Burnley,YES
250,163,BBC Sport,rss,2026-07-12,rumour_link,https://www.bbc.co.uk/sport/football/articles/cjdg7kdm9p4o?at_medium=RSS&at_campaign=rss,O'Sullivan set to leave Liverpool six months after joining,auto
251,164,BBC Sport,rss,2026-07-11,here_we_go,https://www.bbc.co.uk/sport/football/articles/cwy09r3909xo?at_medium=RSS&at_campaign=rss,Comoros winger Said joins Wolves on three-year deal,YES
252,148,Sky Sports,rss,2026-07-13,rumour_link,https://www.skysports.com/football/news/12691/13562928/johan-manzambi-newcastle-set-to-lose-switzerland-world-cup-hero-to-aston-villa-becoming-10th-player-to-turn-magpies-down-in-two-years,Manzambi picks Villa - becomes 10th player Newcastle have missed out on,auto
253,148,The Guardian,rss,2026-07-13,advanced,https://www.theguardian.com/football/2026/jul/13/aston-villa-hijack-newcastle-pursuit-of-johan-manzambi-from-freiburg-transfer-window,Aston Villa hijack Newcastle’s pursuit of £49m Johan Manzambi from Freiburg,auto
254,165,BBC Sport,rss,2026-07-13,advanced,https://www.bbc.co.uk/sport/football/articles/cn07dpgkj4eo?at_medium=RSS&at_campaign=rss,Man Utd close to completing Tielemans deal,YES
255,165,Sky Sports,rss,2026-07-13,advanced,https://www.skysports.com/football/news/12691/13562972/youri-tielemans-manchester-united-in-talks-to-sign-aston-villa-and-belgium-midfielder,Man Utd closing in on Villa's Tielemans for £36m,YES
256,148,BBC Sport,rss,2026-07-13,talks,https://www.bbc.co.uk/sport/football/articles/c39ym7e788wo?at_medium=RSS&at_campaign=rss,Villa working on deal for Switzerland's Manzambi,auto
257,148,Sky Sports,rss,2026-07-13,agreement,https://www.skysports.com/football/news/12691/13562928/johan-manzambi-newcastle-set-to-lose-switzerland-world-cup-hero-to-aston-villa,Manzambi set for Villa despite Newcastle agreeing £49m deal,auto
258,166,BBC Sport,rss,2026-07-13,here_we_go,https://www.bbc.co.uk/sport/articles/cx23x14n2z5o?at_medium=RSS&at_campaign=rss,Aberdeen buy winger Smith from Livingston,YES
259,167,BBC Sport,rss,2026-07-13,interest,https://www.bbc.co.uk/sport/football/articles/cm2jlg3el4no?at_medium=RSS&at_campaign=rss,Villa assess Estupinan move - Tuesday's gossip,auto
260,168,BBC Sport,rss,2026-07-14,denied,https://www.bbc.co.uk/sport/football/articles/cd0m1pjdk4vo?at_medium=RSS&at_campaign=rss,Chermiti claims no plans to leave Rangers - gossip,auto
261,64,BBC Sport,rss,2026-07-14,here_we_go,https://www.bbc.co.uk/sport/football/articles/cy7370x2yp7o?at_medium=RSS&at_campaign=rss,Brighton sign Vuskovic from Spurs for club record £46m,auto
262,64,Sky Sports,rss,2026-07-14,official,https://www.skysports.com/football/news/12691/13563294/luka-vuskovic-brighton-complete-50m-deal-to-sign-tottenham-defender,Brighton complete club-record deal for Spurs' Vuskovic,auto
263,64,The Guardian,rss,2026-07-14,official,https://www.theguardian.com/football/2026/jul/14/brighton-seal-signing-of-luka-vuskovic-from-tottenham-for-club-record-46m,Brighton seal signing of Luka Vuskovic from Tottenham for club record £46m,auto
264,151,BBC Sport,rss,2026-07-14,here_we_go,https://www.bbc.co.uk/sport/football/articles/ckg4gqj5kk5o?at_medium=RSS&at_campaign=rss,Darlow joins Man Utd after Leeds exit,YES
265,169,Sky Sports,rss,2026-07-14,interest,https://www.skysports.com/football/news/12691/13563315/ayyoub-bouaddi-manchester-city-interested-in-morocco-and-lille-wonderkid-after-impressive-world-cup,Man City interested in Morocco wonderkid Bouaddi,auto
266,169,The Guardian,rss,2026-07-14,interest,https://www.theguardian.com/football/2026/jul/14/manchester-city-set-sights-on-signing-morocco-ayyoub-bouaddi-85m-transfer-window,Manchester City set sights on signing Morocco’s Ayyoub Bouaddi for £85m,auto
267,170,BBC Sport,rss,2026-07-14,advanced,https://www.bbc.co.uk/sport/football/articles/c0qyxqw901wo?at_medium=RSS&at_campaign=rss,Everton close in on permament deal for Blundell,auto
269,172,BBC Sport,rss,2026-07-14,official,https://www.bbc.co.uk/sport/football/articles/c93239v347qo?at_medium=RSS&at_campaign=rss,Bournemouth sign £25.7m striker Rodriguez,YES
270,173,BBC Sport,rss,2026-07-14,agreement,https://www.bbc.co.uk/sport/football/articles/cddldzme6g1o?at_medium=RSS&at_campaign=rss,Arsenal agree fee for Trossard move to Besiktas,auto
271,173,Sky Sports,rss,2026-07-14,official,https://www.skysports.com/football/news/12691/13563271/leandro-trossard-arsenal-confirm-winger-joining-besiktas-in-17m-deal,Arsenal confirm Trossard is moving to Besiktas,auto
272,173,The Guardian,rss,2026-07-14,agreement,https://www.theguardian.com/football/2026/jul/14/leandro-trossard-set-for-besiktas-move-after-arsenal-agree-deal-with-turkish-side,Leandro Trossard set for Besiktas move after Arsenal agree deal with Turkish side,auto
273,174,The Guardian,rss,2026-07-14,advanced,https://www.theguardian.com/football/2026/jul/14/manchester-united-close-to-agreeing-club-record-sale-of-melvine-malard-to-chelsea,Manchester United close to agreeing club-record sale of Melvine Malard to Chelsea,auto
274,175,BBC Sport,rss,2026-07-14,here_we_go,https://www.bbc.co.uk/sport/football/articles/c8727e5d4ejo?at_medium=RSS&at_campaign=rss,Everton sign France forward Mouchon from Leicester,auto
275,51,BBC Sport,rss,2026-07-14,rumour_link,https://www.bbc.co.uk/sport/football/articles/c0mym8xvedlo?at_medium=RSS&at_campaign=rss,Gyokeres part of Alvarez offer - Wednesday's gossip,auto
276,149,BBC Sport,rss,2026-07-14,here_we_go,https://www.bbc.co.uk/sport/football/articles/cwy0yg15y90o?at_medium=RSS&at_campaign=rss,Fenerbahce sign Greenwood from Marseille,auto
277,165,BBC Sport,rss,2026-07-14,official,https://www.bbc.co.uk/sport/football/articles/c9929gzdl2go?at_medium=RSS&at_campaign=rss,Man Utd sign Tielemans for £35m from Aston Villa,YES
278,165,Sky Sports,rss,2026-07-14,here_we_go,https://www.skysports.com/football/news/12691/13563132/youri-tielemans-transfer-news-manchester-united-xxxx,Man Utd complete £35m Tielemans deal,YES
279,165,The Guardian,rss,2026-07-14,official,https://www.theguardian.com/football/2026/jul/14/youri-tielemans-signs-manchester-united-aston-villa,Youri Tielemans targets ‘biggest trophies’ after joining Manchester United,YES
280,174,BBC Sport,rss,2026-07-14,agreement,https://www.bbc.co.uk/sport/football/articles/c62120n7y8jo?at_medium=RSS&at_campaign=rss,Chelsea agree fee for Man Utd striker Malard,auto
281,176,BBC Sport,rss,2026-07-15,talks,https://www.bbc.co.uk/sport/football/articles/ce8m80069v9o?at_medium=RSS&at_campaign=rss,Rangers in talks with Leicester over Mavididi - gossip,auto
282,177,BBC Sport,rss,2026-07-14,agreement,https://www.bbc.co.uk/sport/football/articles/cpd3d6vx803o?at_medium=RSS&at_campaign=rss,Leeds agree £34.1m fee for defender Muharemovic,auto
283,178,BBC Sport,rss,2026-07-15,talks,https://www.bbc.co.uk/sport/football/articles/crr8r4zvj5jo?at_medium=RSS&at_campaign=rss,Bournemouth in talks for Benfica defender Silva,auto
284,179,BBC Sport,rss,2026-07-15,advanced,https://www.bbc.co.uk/sport/football/articles/czx5xyd2k1no?at_medium=RSS&at_campaign=rss,Coventry close on £17m Switzerland defender Amenda,auto
286,181,BBC Sport,rss,2026-07-15,agreement,https://www.bbc.co.uk/sport/football/articles/cgjxjqpgq4xo?at_medium=RSS&at_campaign=rss,Sunderland sign Belgium World Cup defender Meunier,auto
287,181,The Guardian,rss,2026-07-15,official,https://www.theguardian.com/football/2026/jul/15/thomas-meunier-sunderland-transfer-window,Thomas Meunier ‘hugely excited’ about joining Sunderland on a free transfer,auto
288,182,BBC Sport,rss,2026-07-15,official,https://www.bbc.co.uk/sport/football/articles/cgrkrr5gxkvo?at_medium=RSS&at_campaign=rss,Aston Villa sign keeper Ramsey on free transfer,auto
289,101,BBC Sport,rss,2026-07-15,rumour_link,https://www.bbc.co.uk/sport/football/articles/c1mymdm2rp8o?at_medium=RSS&at_campaign=rss,Man Utd target Summerville - Thursday's gossip,auto
290,183,BBC Sport,rss,2026-07-16,medical,https://www.bbc.co.uk/sport/football/articles/cnv9vnv4z4go?at_medium=RSS&at_campaign=rss,Celtic listen to Kenny offers as Rues flies in for Hearts medical - gossip,auto
291,98,Opta Analyst,rss,2026-07-16,agreement,https://www.theguardian.com/football/2026/jul/16/andrey-santos-manchester-united-chelsea-michael-carrick-brazil-midfielder-casemiro,Why did Manchester United pay Chelsea £48m for Andrey Santos?,auto
292,184,BBC Sport,rss,2026-07-16,advanced,https://www.bbc.co.uk/sport/football/articles/cre4dvgp717o?at_medium=RSS&at_campaign=rss,Midfielder Gomes close to £38m Villa move,auto
293,185,BBC Sport,rss,2026-07-16,official,https://www.bbc.co.uk/sport/articles/clyen3j34j4o?at_medium=RSS&at_campaign=rss,Goalkeeper Muller joins Aberdeen on two-year deal,auto
294,186,BBC Sport,rss,2026-07-16,rumour_link,https://www.bbc.co.uk/sport/football/articles/cvgx4kk7xk1o?at_medium=RSS&at_campaign=rss,Parkinson refuses to confirm Moreno Wrexham link,auto
295,161,BBC Sport,rss,2026-07-16,here_we_go,https://www.bbc.co.uk/sport/football/articles/c07rexv3y8go?at_medium=RSS&at_campaign=rss,Bournemouth's Jimenez joins Fiorentina on loan,auto
296,187,BBC Sport,rss,2026-07-16,agreement,https://www.bbc.co.uk/sport/football/articles/c235lr80ekko?at_medium=RSS&at_campaign=rss,Arsenal on verge of signing Club Brugge's Tzolis,auto
297,187,Sky Sports News,rss,2026-07-16,agreement,https://www.skysports.com/football/news/12691/13564048/christos-tzolis-arsenal-agree-fee-with-club-brugge-to-sign-greek-winger-as-replacement-for-leandro-trossard,Arsenal agree £34m deal to sign Greek winger Tzolis,auto
298,187,Sky Sports,rss,2026-07-16,here_we_go,https://www.skysports.com/football/news/12691/13564054/christos-tzolis-arsenal-set-to-have-a-new-warrior-mode-winger-who-is-the-perfect-replacement-for-leandro-trossard,Tzolis: Arsenal's new 'warrior mode' winger - and perfect Trossard replacement,auto
299,188,BBC Sport,rss,2026-07-16,agreement,https://www.bbc.co.uk/sport/football/articles/cy746mp43lno?at_medium=RSS&at_campaign=rss,Wales striker Cain rejoins Everton after Leicester exit,auto
300,189,BBC Sport,rss,2026-07-16,official,https://www.bbc.co.uk/sport/football/articles/c5yrpq2q7z9o?at_medium=RSS&at_campaign=rss,French defender Rastocle signs for Birmingham,auto
301,190,BBC Sport,rss,2026-07-16,official,https://www.bbc.co.uk/sport/football/articles/cz64xe19dy8o?at_medium=RSS&at_campaign=rss,Palace sign England Under-23 striker Lloyd-Smith,auto
302,78,Sky Sports,rss,2026-07-17,interest,https://www.skysports.com/football/news/12691/13564260/morgan-rogers-transfer-news-arsenal-expected-to-make-approach-for-top-target-but-aston-villa-man-could-cost-more-than-100m,Arsenal expected to make approach for No 1 target Rogers,auto
303,148,BBC Sport,rss,2026-07-17,denied,https://www.bbc.co.uk/sport/football/articles/c8626pzz96zo?at_medium=RSS&at_campaign=rss,How have missed targets affected Newcastle's summer rebuild?,auto
304,187,The Guardian,rss,2026-07-16,agreement,https://www.theguardian.com/football/2026/jul/16/arsenal-34m-deal-club-brugge-forward-christos-tzolis-premier-league,Arsenal close in on £34m deal for Club Brugge forward Christos Tzolis,auto
305,191,BBC Sport,rss,2026-07-16,interest,https://www.bbc.co.uk/sport/football/articles/cvgx4rvz57vo?at_medium=RSS&at_campaign=rss,Inter interested in Spence - Friday's gossip,auto
306,192,BBC Sport,rss,2026-07-17,here_we_go,https://www.bbc.co.uk/sport/football/articles/c5yzye502vko?at_medium=RSS&at_campaign=rss,Defender Cascarino joins West Ham in permanent deal,auto
307,193,BBC Sport,rss,2026-07-17,official,https://www.bbc.co.uk/sport/football/articles/cjwx3wjg1v5o?at_medium=RSS&at_campaign=rss,Arsenal sign teenage Danish goalkeeper Damm,auto
308,194,BBC Sport,rss,2026-07-17,official,https://www.bbc.co.uk/sport/football/articles/c98v152z33ro?at_medium=RSS&at_campaign=rss,Aston Villa sign defender Harviken from Juventus,auto
309,195,BBC Sport,rss,2026-07-17,agreement,https://www.bbc.co.uk/sport/football/articles/c1mymzpzv2ko?at_medium=RSS&at_campaign=rss,Defender Esteve leaves Burnley to join RB Leipzig,auto
310,148,BBC Sport,rss,2026-07-17,here_we_go,https://www.bbc.co.uk/sport/football/articles/cj365336l52o?at_medium=RSS&at_campaign=rss,Villa complete club record Manzambi signing,auto
311,177,BBC Sport,rss,2026-07-17,here_we_go,https://www.bbc.co.uk/sport/football/articles/c9w0kl9rjpno?at_medium=RSS&at_campaign=rss,Leeds sign £34.1m defender Muharemovic,auto
312,196,BBC Sport,rss,2026-07-17,official,https://www.bbc.co.uk/sport/football/articles/c5y084gy06mo?at_medium=RSS&at_campaign=rss,Hearts sign goalkeeper Reus as Schwolow departs,auto
313,197,BBC Sport,rss,2026-07-17,here_we_go,https://www.bbc.co.uk/sport/football/articles/cz054lpgym7o?at_medium=RSS&at_campaign=rss,Iheanacho rejects new Celtic deal for Turkey's second tier,auto
314,198,Sky Sports,rss,2026-07-17,interest,https://www.skysports.com/football/news/12691/13564545/ezri-konsa-arsenal-preparing-offer-for-aston-villa-defender-as-morgan-rogers-talks-continue-paper-talk,Papers: Arsenal preparing offer for Aston Villa defender Konsa,auto
315,199,BBC Sport,rss,2026-07-18,rumour_link,https://www.bbc.co.uk/sport/football/articles/c5y03ev13r3o?at_medium=RSS&at_campaign=rss,Hassan priority target for Celtic - gossip,auto
